filename,filepath,label
0-Atlantic Spotted Dolphin-最佳削减-001,D:\音频分类\Pytorch-AudioClassification-master-main\data\scatter\npy_data\0-Atlantic Spotted Dolphin-最佳削减-001.npy,24
0-Atlantic Spotted Dolphin-最佳削减-002,D:\音频分类\Pytorch-AudioClassification-master-main\data\scatter\npy_data\0-Atlantic Spotted Dolphin-最佳削减-002.npy,24
0-Atlantic Spotted Dolphin-最佳削减-003,D:\音频分类\Pytorch-AudioClassification-master-main\data\scatter\npy_data\0-Atlantic Spotted Dolphin-最佳削减-003.npy,24
0-Atlantic Spotted Dolphin-最佳削减-004,D:\音频分类\Pytorch-AudioClassification-master-main\data\scatter\npy_data\0-Atlantic Spotted Dolphin-最佳削减-004.npy,24
0-Atlantic Spotted Dolphin-最佳削减001,D:\音频分类\Pytorch-AudioClassification-master-main\data\scatter\npy_data\0-Atlantic Spotted Dolphin-最佳削减001.npy,24
0-Atlantic Spotted Dolphin-最佳削减002,D:\音频分类\Pytorch-AudioClassification-master-main\data\scatter\npy_data\0-Atlantic Spotted Dolphin-最佳削减002.npy,24
0-Atlantic Spotted Dolphin-最佳削减003,D:\音频分类\Pytorch-AudioClassification-master-main\data\scatter\npy_data\0-Atlantic Spotted Dolphin-最佳削减003.npy,24
0-Atlantic Spotted Dolphin-最佳削减004,D:\音频分类\Pytorch-AudioClassification-master-main\data\scatter\npy_data\0-Atlantic Spotted Dolphin-最佳削减004.npy,24
1-Bearded Seal-66038-001,D:\音频分类\Pytorch-AudioClassification-master-main\data\scatter\npy_data\1-Bearded Seal-66038-001.npy,31
1-Bearded Seal-66038-002,D:\音频分类\Pytorch-AudioClassification-master-main\data\scatter\npy_data\1-Bearded Seal-66038-002.npy,31
1-Bearded Seal-66038-003,D:\音频分类\Pytorch-AudioClassification-master-main\data\scatter\npy_data\1-Bearded Seal-66038-003.npy,31
1-Bearded Seal-66038-004,D:\音频分类\Pytorch-AudioClassification-master-main\data\scatter\npy_data\1-Bearded Seal-66038-004.npy,31
1-Bearded Seal-66038001,D:\音频分类\Pytorch-AudioClassification-master-main\data\scatter\npy_data\1-Bearded Seal-66038001.npy,31
1-Bearded Seal-66038002,D:\音频分类\Pytorch-AudioClassification-master-main\data\scatter\npy_data\1-Bearded Seal-66038002.npy,31
1-Bearded Seal-66038003,D:\音频分类\Pytorch-AudioClassification-master-main\data\scatter\npy_data\1-Bearded Seal-66038003.npy,31
1-Bearded Seal-66038004,D:\音频分类\Pytorch-AudioClassification-master-main\data\scatter\npy_data\1-Bearded Seal-66038004.npy,31
1-Bearded Seal-最佳削减-001,D:\音频分类\Pytorch-AudioClassification-master-main\data\scatter\npy_data\1-Bearded Seal-最佳削减-001.npy,31
1-Bearded Seal-最佳削减-002,D:\音频分类\Pytorch-AudioClassification-master-main\data\scatter\npy_data\1-Bearded Seal-最佳削减-002.npy,31
1-Bearded Seal-最佳削减-003,D:\音频分类\Pytorch-AudioClassification-master-main\data\scatter\npy_data\1-Bearded Seal-最佳削减-003.npy,31
1-Bearded Seal-最佳削减001,D:\音频分类\Pytorch-AudioClassification-master-main\data\scatter\npy_data\1-Bearded Seal-最佳削减001.npy,31
1-Bearded Seal-最佳削减002,D:\音频分类\Pytorch-AudioClassification-master-main\data\scatter\npy_data\1-Bearded Seal-最佳削减002.npy,31
1-Bearded Seal-最佳削减003,D:\音频分类\Pytorch-AudioClassification-master-main\data\scatter\npy_data\1-Bearded Seal-最佳削减003.npy,31
"10-Grampus, Risso's Dolphin-59029-001","D:\音频分类\Pytorch-AudioClassification-master-main\data\scatter\npy_data\10-Grampus, Risso's Dolphin-59029-001.npy",20
"10-Grampus, Risso's Dolphin-59029-002","D:\音频分类\Pytorch-AudioClassification-master-main\data\scatter\npy_data\10-Grampus, Risso's Dolphin-59029-002.npy",20
"10-Grampus, Risso's Dolphin-59029-003","D:\音频分类\Pytorch-AudioClassification-master-main\data\scatter\npy_data\10-Grampus, Risso's Dolphin-59029-003.npy",20
"10-Grampus, Risso's Dolphin-59029-007","D:\音频分类\Pytorch-AudioClassification-master-main\data\scatter\npy_data\10-Grampus, Risso's Dolphin-59029-007.npy",20
"10-Grampus, Risso's Dolphin-59029001","D:\音频分类\Pytorch-AudioClassification-master-main\data\scatter\npy_data\10-Grampus, Risso's Dolphin-59029001.npy",20
"10-Grampus, Risso's Dolphin-59029002","D:\音频分类\Pytorch-AudioClassification-master-main\data\scatter\npy_data\10-Grampus, Risso's Dolphin-59029002.npy",20
"10-Grampus, Risso's Dolphin-59029003","D:\音频分类\Pytorch-AudioClassification-master-main\data\scatter\npy_data\10-Grampus, Risso's Dolphin-59029003.npy",20
"10-Grampus, Risso's Dolphin-59029007","D:\音频分类\Pytorch-AudioClassification-master-main\data\scatter\npy_data\10-Grampus, Risso's Dolphin-59029007.npy",20
10-Grampus-59029001,D:\音频分类\Pytorch-AudioClassification-master-main\data\scatter\npy_data\10-Grampus-59029001.npy,20
10-Grampus-59029002,D:\音频分类\Pytorch-AudioClassification-master-main\data\scatter\npy_data\10-Grampus-59029002.npy,20
10-Grampus-59029003,D:\音频分类\Pytorch-AudioClassification-master-main\data\scatter\npy_data\10-Grampus-59029003.npy,20
10-Grampus-59029007,D:\音频分类\Pytorch-AudioClassification-master-main\data\scatter\npy_data\10-Grampus-59029007.npy,20
11-Harp Seal-67009-001,D:\音频分类\Pytorch-AudioClassification-master-main\data\scatter\npy_data\11-Harp Seal-67009-001.npy,1
11-Harp Seal-67009-002,D:\音频分类\Pytorch-AudioClassification-master-main\data\scatter\npy_data\11-Harp Seal-67009-002.npy,1
11-Harp Seal-67009-003,D:\音频分类\Pytorch-AudioClassification-master-main\data\scatter\npy_data\11-Harp Seal-67009-003.npy,1
11-Harp Seal-67009-004,D:\音频分类\Pytorch-AudioClassification-master-main\data\scatter\npy_data\11-Harp Seal-67009-004.npy,1
11-Harp Seal-67009001,D:\音频分类\Pytorch-AudioClassification-master-main\data\scatter\npy_data\11-Harp Seal-67009001.npy,1
11-Harp Seal-67009002,D:\音频分类\Pytorch-AudioClassification-master-main\data\scatter\npy_data\11-Harp Seal-67009002.npy,1
11-Harp Seal-67009003,D:\音频分类\Pytorch-AudioClassification-master-main\data\scatter\npy_data\11-Harp Seal-67009003.npy,1
11-Harp Seal-67009004,D:\音频分类\Pytorch-AudioClassification-master-main\data\scatter\npy_data\11-Harp Seal-67009004.npy,1
12-Humpback Whale-55113-001,D:\音频分类\Pytorch-AudioClassification-master-main\data\scatter\npy_data\12-Humpback Whale-55113-001.npy,28
12-Humpback Whale-55113-002,D:\音频分类\Pytorch-AudioClassification-master-main\data\scatter\npy_data\12-Humpback Whale-55113-002.npy,28
12-Humpback Whale-55113-003,D:\音频分类\Pytorch-AudioClassification-master-main\data\scatter\npy_data\12-Humpback Whale-55113-003.npy,28
12-Humpback Whale-55113-004,D:\音频分类\Pytorch-AudioClassification-master-main\data\scatter\npy_data\12-Humpback Whale-55113-004.npy,28
12-Humpback Whale-55113001,D:\音频分类\Pytorch-AudioClassification-master-main\data\scatter\npy_data\12-Humpback Whale-55113001.npy,28
12-Humpback Whale-55113002,D:\音频分类\Pytorch-AudioClassification-master-main\data\scatter\npy_data\12-Humpback Whale-55113002.npy,28
12-Humpback Whale-55113003,D:\音频分类\Pytorch-AudioClassification-master-main\data\scatter\npy_data\12-Humpback Whale-55113003.npy,28
13-Killer Whale-60026-001,D:\音频分类\Pytorch-AudioClassification-master-main\data\scatter\npy_data\13-Killer Whale-60026-001.npy,3
13-Killer Whale-60026-002,D:\音频分类\Pytorch-AudioClassification-master-main\data\scatter\npy_data\13-Killer Whale-60026-002.npy,3
13-Killer Whale-60026-003,D:\音频分类\Pytorch-AudioClassification-master-main\data\scatter\npy_data\13-Killer Whale-60026-003.npy,3
13-Killer Whale-60026-004,D:\音频分类\Pytorch-AudioClassification-master-main\data\scatter\npy_data\13-Killer Whale-60026-004.npy,3
13-Killer Whale-60026001,D:\音频分类\Pytorch-AudioClassification-master-main\data\scatter\npy_data\13-Killer Whale-60026001.npy,3
13-Killer Whale-60026002,D:\音频分类\Pytorch-AudioClassification-master-main\data\scatter\npy_data\13-Killer Whale-60026002.npy,3
13-Killer Whale-60026003,D:\音频分类\Pytorch-AudioClassification-master-main\data\scatter\npy_data\13-Killer Whale-60026003.npy,3
13-Killer Whale-60026004,D:\音频分类\Pytorch-AudioClassification-master-main\data\scatter\npy_data\13-Killer Whale-60026004.npy,3
14-Leopard Seal-66084-00I,D:\音频分类\Pytorch-AudioClassification-master-main\data\scatter\npy_data\14-Leopard Seal-66084-00I.npy,27
14-Leopard Seal-66084-00J,D:\音频分类\Pytorch-AudioClassification-master-main\data\scatter\npy_data\14-Leopard Seal-66084-00J.npy,27
14-Leopard Seal-66084-00N,D:\音频分类\Pytorch-AudioClassification-master-main\data\scatter\npy_data\14-Leopard Seal-66084-00N.npy,27
14-Leopard Seal-66084-00P,D:\音频分类\Pytorch-AudioClassification-master-main\data\scatter\npy_data\14-Leopard Seal-66084-00P.npy,27
14-Leopard Seal-6608400I,D:\音频分类\Pytorch-AudioClassification-master-main\data\scatter\npy_data\14-Leopard Seal-6608400I.npy,27
14-Leopard Seal-6608400J,D:\音频分类\Pytorch-AudioClassification-master-main\data\scatter\npy_data\14-Leopard Seal-6608400J.npy,27
14-Leopard Seal-6608400N,D:\音频分类\Pytorch-AudioClassification-master-main\data\scatter\npy_data\14-Leopard Seal-6608400N.npy,27
14-Leopard Seal-6608400P,D:\音频分类\Pytorch-AudioClassification-master-main\data\scatter\npy_data\14-Leopard Seal-6608400P.npy,27
15-Long Finned Pilot Whale-54024001,D:\音频分类\Pytorch-AudioClassification-master-main\data\scatter\npy_data\15-Long Finned Pilot Whale-54024001.npy,17
15-Long Finned Pilot Whale-54024002,D:\音频分类\Pytorch-AudioClassification-master-main\data\scatter\npy_data\15-Long Finned Pilot Whale-54024002.npy,17
15-Long Finned Pilot Whale-54024003,D:\音频分类\Pytorch-AudioClassification-master-main\data\scatter\npy_data\15-Long Finned Pilot Whale-54024003.npy,17
15-Long Finned Pilot Whale-54024006,D:\音频分类\Pytorch-AudioClassification-master-main\data\scatter\npy_data\15-Long Finned Pilot Whale-54024006.npy,17
15-Long Finned Pilot Whale-54024007,D:\音频分类\Pytorch-AudioClassification-master-main\data\scatter\npy_data\15-Long Finned Pilot Whale-54024007.npy,17
15-Long Finned Pilot Whale-54024008,D:\音频分类\Pytorch-AudioClassification-master-main\data\scatter\npy_data\15-Long Finned Pilot Whale-54024008.npy,17
15-Long Finned Pilot Whale-54024009,D:\音频分类\Pytorch-AudioClassification-master-main\data\scatter\npy_data\15-Long Finned Pilot Whale-54024009.npy,17
15-Long-Finned Pilot Whale-54024-001,D:\音频分类\Pytorch-AudioClassification-master-main\data\scatter\npy_data\15-Long-Finned Pilot Whale-54024-001.npy,17
15-Long-Finned Pilot Whale-54024-002,D:\音频分类\Pytorch-AudioClassification-master-main\data\scatter\npy_data\15-Long-Finned Pilot Whale-54024-002.npy,17
15-Long-Finned Pilot Whale-54024-003,D:\音频分类\Pytorch-AudioClassification-master-main\data\scatter\npy_data\15-Long-Finned Pilot Whale-54024-003.npy,17
15-Long-Finned Pilot Whale-54024-006,D:\音频分类\Pytorch-AudioClassification-master-main\data\scatter\npy_data\15-Long-Finned Pilot Whale-54024-006.npy,17
15-Long-Finned Pilot Whale-54024-007,D:\音频分类\Pytorch-AudioClassification-master-main\data\scatter\npy_data\15-Long-Finned Pilot Whale-54024-007.npy,17
15-Long-Finned Pilot Whale-54024-008,D:\音频分类\Pytorch-AudioClassification-master-main\data\scatter\npy_data\15-Long-Finned Pilot Whale-54024-008.npy,17
15-Long-Finned Pilot Whale-54024-009,D:\音频分类\Pytorch-AudioClassification-master-main\data\scatter\npy_data\15-Long-Finned Pilot Whale-54024-009.npy,17
15-Long-Finned Pilot Whale-54024001,D:\音频分类\Pytorch-AudioClassification-master-main\data\scatter\npy_data\15-Long-Finned Pilot Whale-54024001.npy,17
15-Long-Finned Pilot Whale-54024002,D:\音频分类\Pytorch-AudioClassification-master-main\data\scatter\npy_data\15-Long-Finned Pilot Whale-54024002.npy,17
15-Long-Finned Pilot Whale-54024003,D:\音频分类\Pytorch-AudioClassification-master-main\data\scatter\npy_data\15-Long-Finned Pilot Whale-54024003.npy,17
15-Long-Finned Pilot Whale-54024006,D:\音频分类\Pytorch-AudioClassification-master-main\data\scatter\npy_data\15-Long-Finned Pilot Whale-54024006.npy,17
15-Long-Finned Pilot Whale-54024007,D:\音频分类\Pytorch-AudioClassification-master-main\data\scatter\npy_data\15-Long-Finned Pilot Whale-54024007.npy,17
15-Long-Finned Pilot Whale-54024008,D:\音频分类\Pytorch-AudioClassification-master-main\data\scatter\npy_data\15-Long-Finned Pilot Whale-54024008.npy,17
15-Long-Finned Pilot Whale-54024009,D:\音频分类\Pytorch-AudioClassification-master-main\data\scatter\npy_data\15-Long-Finned Pilot Whale-54024009.npy,17
16-Melon Headed Whale-91012-003,D:\音频分类\Pytorch-AudioClassification-master-main\data\scatter\npy_data\16-Melon Headed Whale-91012-003.npy,29
16-Melon Headed Whale-91012-006,D:\音频分类\Pytorch-AudioClassification-master-main\data\scatter\npy_data\16-Melon Headed Whale-91012-006.npy,29
16-Melon Headed Whale-91012-007,D:\音频分类\Pytorch-AudioClassification-master-main\data\scatter\npy_data\16-Melon Headed Whale-91012-007.npy,29
16-Melon Headed Whale-91012-009,D:\音频分类\Pytorch-AudioClassification-master-main\data\scatter\npy_data\16-Melon Headed Whale-91012-009.npy,29
16-Melon Headed Whale-91012-00B,D:\音频分类\Pytorch-AudioClassification-master-main\data\scatter\npy_data\16-Melon Headed Whale-91012-00B.npy,29
16-Melon Headed Whale-91012-00C,D:\音频分类\Pytorch-AudioClassification-master-main\data\scatter\npy_data\16-Melon Headed Whale-91012-00C.npy,29
16-Melon Headed Whale-91012-00I,D:\音频分类\Pytorch-AudioClassification-master-main\data\scatter\npy_data\16-Melon Headed Whale-91012-00I.npy,29
16-Melon Headed Whale-91012003,D:\音频分类\Pytorch-AudioClassification-master-main\data\scatter\npy_data\16-Melon Headed Whale-91012003.npy,29
16-Melon Headed Whale-91012006,D:\音频分类\Pytorch-AudioClassification-master-main\data\scatter\npy_data\16-Melon Headed Whale-91012006.npy,29
16-Melon Headed Whale-91012007,D:\音频分类\Pytorch-AudioClassification-master-main\data\scatter\npy_data\16-Melon Headed Whale-91012007.npy,29
16-Melon Headed Whale-91012009,D:\音频分类\Pytorch-AudioClassification-master-main\data\scatter\npy_data\16-Melon Headed Whale-91012009.npy,29
16-Melon Headed Whale-9101200B,D:\音频分类\Pytorch-AudioClassification-master-main\data\scatter\npy_data\16-Melon Headed Whale-9101200B.npy,29
16-Melon Headed Whale-9101200C,D:\音频分类\Pytorch-AudioClassification-master-main\data\scatter\npy_data\16-Melon Headed Whale-9101200C.npy,29
16-Melon Headed Whale-9101200I,D:\音频分类\Pytorch-AudioClassification-master-main\data\scatter\npy_data\16-Melon Headed Whale-9101200I.npy,29
17-Minke Whale-64103-001,D:\音频分类\Pytorch-AudioClassification-master-main\data\scatter\npy_data\17-Minke Whale-64103-001.npy,18
17-Minke Whale-64103-002,D:\音频分类\Pytorch-AudioClassification-master-main\data\scatter\npy_data\17-Minke Whale-64103-002.npy,18
17-Minke Whale-64103-003,D:\音频分类\Pytorch-AudioClassification-master-main\data\scatter\npy_data\17-Minke Whale-64103-003.npy,18
17-Minke Whale-64103-004,D:\音频分类\Pytorch-AudioClassification-master-main\data\scatter\npy_data\17-Minke Whale-64103-004.npy,18
17-Minke Whale-64103001,D:\音频分类\Pytorch-AudioClassification-master-main\data\scatter\npy_data\17-Minke Whale-64103001.npy,18
17-Minke Whale-64103002,D:\音频分类\Pytorch-AudioClassification-master-main\data\scatter\npy_data\17-Minke Whale-64103002.npy,18
17-Minke Whale-64103003,D:\音频分类\Pytorch-AudioClassification-master-main\data\scatter\npy_data\17-Minke Whale-64103003.npy,18
17-Minke Whale-64103004,D:\音频分类\Pytorch-AudioClassification-master-main\data\scatter\npy_data\17-Minke Whale-64103004.npy,18
18-Narwhal-68002-006,D:\音频分类\Pytorch-AudioClassification-master-main\data\scatter\npy_data\18-Narwhal-68002-006.npy,15
18-Narwhal-68002-007,D:\音频分类\Pytorch-AudioClassification-master-main\data\scatter\npy_data\18-Narwhal-68002-007.npy,15
18-Narwhal-68002-008,D:\音频分类\Pytorch-AudioClassification-master-main\data\scatter\npy_data\18-Narwhal-68002-008.npy,15
18-Narwhal-68002-00A,D:\音频分类\Pytorch-AudioClassification-master-main\data\scatter\npy_data\18-Narwhal-68002-00A.npy,15
18-Narwhal-68002-00B,D:\音频分类\Pytorch-AudioClassification-master-main\data\scatter\npy_data\18-Narwhal-68002-00B.npy,15
18-Narwhal-68002006,D:\音频分类\Pytorch-AudioClassification-master-main\data\scatter\npy_data\18-Narwhal-68002006.npy,15
18-Narwhal-68002007,D:\音频分类\Pytorch-AudioClassification-master-main\data\scatter\npy_data\18-Narwhal-68002007.npy,15
18-Narwhal-68002008,D:\音频分类\Pytorch-AudioClassification-master-main\data\scatter\npy_data\18-Narwhal-68002008.npy,15
18-Narwhal-6800200A,D:\音频分类\Pytorch-AudioClassification-master-main\data\scatter\npy_data\18-Narwhal-6800200A.npy,15
18-Narwhal-6800200B,D:\音频分类\Pytorch-AudioClassification-master-main\data\scatter\npy_data\18-Narwhal-6800200B.npy,15
19-Northern Right Whale-56017-007,D:\音频分类\Pytorch-AudioClassification-master-main\data\scatter\npy_data\19-Northern Right Whale-56017-007.npy,25
19-Northern Right Whale-56017-008,D:\音频分类\Pytorch-AudioClassification-master-main\data\scatter\npy_data\19-Northern Right Whale-56017-008.npy,25
19-Northern Right Whale-56017-00B,D:\音频分类\Pytorch-AudioClassification-master-main\data\scatter\npy_data\19-Northern Right Whale-56017-00B.npy,25
19-Northern Right Whale-56017-00F,D:\音频分类\Pytorch-AudioClassification-master-main\data\scatter\npy_data\19-Northern Right Whale-56017-00F.npy,25
19-Northern Right Whale-56017-00O,D:\音频分类\Pytorch-AudioClassification-master-main\data\scatter\npy_data\19-Northern Right Whale-56017-00O.npy,25
19-Northern Right Whale-56017007,D:\音频分类\Pytorch-AudioClassification-master-main\data\scatter\npy_data\19-Northern Right Whale-56017007.npy,25
19-Northern Right Whale-56017008,D:\音频分类\Pytorch-AudioClassification-master-main\data\scatter\npy_data\19-Northern Right Whale-56017008.npy,25
19-Northern Right Whale-5601700B,D:\音频分类\Pytorch-AudioClassification-master-main\data\scatter\npy_data\19-Northern Right Whale-5601700B.npy,25
19-Northern Right Whale-5601700F,D:\音频分类\Pytorch-AudioClassification-master-main\data\scatter\npy_data\19-Northern Right Whale-5601700F.npy,25
19-Northern Right Whale-5601700O,D:\音频分类\Pytorch-AudioClassification-master-main\data\scatter\npy_data\19-Northern Right Whale-5601700O.npy,25
2-Beluga White Whale-62018-001,D:\音频分类\Pytorch-AudioClassification-master-main\data\scatter\npy_data\2-Beluga White Whale-62018-001.npy,4
2-Beluga White Whale-62018-002,D:\音频分类\Pytorch-AudioClassification-master-main\data\scatter\npy_data\2-Beluga White Whale-62018-002.npy,4
2-Beluga White Whale-62018001,D:\音频分类\Pytorch-AudioClassification-master-main\data\scatter\npy_data\2-Beluga White Whale-62018001.npy,4
2-Beluga White Whale-62018002,D:\音频分类\Pytorch-AudioClassification-master-main\data\scatter\npy_data\2-Beluga White Whale-62018002.npy,4
20-Pantropical Spotted Dolphin-64005-009,D:\音频分类\Pytorch-AudioClassification-master-main\data\scatter\npy_data\20-Pantropical Spotted Dolphin-64005-009.npy,13
20-Pantropical Spotted Dolphin-64005-00D,D:\音频分类\Pytorch-AudioClassification-master-main\data\scatter\npy_data\20-Pantropical Spotted Dolphin-64005-00D.npy,13
20-Pantropical Spotted Dolphin-64005-015,D:\音频分类\Pytorch-AudioClassification-master-main\data\scatter\npy_data\20-Pantropical Spotted Dolphin-64005-015.npy,13
20-Pantropical Spotted Dolphin-64005-016,D:\音频分类\Pytorch-AudioClassification-master-main\data\scatter\npy_data\20-Pantropical Spotted Dolphin-64005-016.npy,13
20-Pantropical Spotted Dolphin-64005-017,D:\音频分类\Pytorch-AudioClassification-master-main\data\scatter\npy_data\20-Pantropical Spotted Dolphin-64005-017.npy,13
20-Pantropical Spotted Dolphin-64005-01B,D:\音频分类\Pytorch-AudioClassification-master-main\data\scatter\npy_data\20-Pantropical Spotted Dolphin-64005-01B.npy,13
20-Pantropical Spotted Dolphin-64005-01C,D:\音频分类\Pytorch-AudioClassification-master-main\data\scatter\npy_data\20-Pantropical Spotted Dolphin-64005-01C.npy,13
20-Pantropical Spotted Dolphin-64005009,D:\音频分类\Pytorch-AudioClassification-master-main\data\scatter\npy_data\20-Pantropical Spotted Dolphin-64005009.npy,13
20-Pantropical Spotted Dolphin-6400500D,D:\音频分类\Pytorch-AudioClassification-master-main\data\scatter\npy_data\20-Pantropical Spotted Dolphin-6400500D.npy,13
20-Pantropical Spotted Dolphin-64005015,D:\音频分类\Pytorch-AudioClassification-master-main\data\scatter\npy_data\20-Pantropical Spotted Dolphin-64005015.npy,13
20-Pantropical Spotted Dolphin-64005016,D:\音频分类\Pytorch-AudioClassification-master-main\data\scatter\npy_data\20-Pantropical Spotted Dolphin-64005016.npy,13
20-Pantropical Spotted Dolphin-64005017,D:\音频分类\Pytorch-AudioClassification-master-main\data\scatter\npy_data\20-Pantropical Spotted Dolphin-64005017.npy,13
20-Pantropical Spotted Dolphin-6400501B,D:\音频分类\Pytorch-AudioClassification-master-main\data\scatter\npy_data\20-Pantropical Spotted Dolphin-6400501B.npy,13
20-Pantropical Spotted Dolphin-6400501C,D:\音频分类\Pytorch-AudioClassification-master-main\data\scatter\npy_data\20-Pantropical Spotted Dolphin-6400501C.npy,13
21-Ross Seal-66002-A01,D:\音频分类\Pytorch-AudioClassification-master-main\data\scatter\npy_data\21-Ross Seal-66002-A01.npy,19
21-Ross Seal-66002-A02,D:\音频分类\Pytorch-AudioClassification-master-main\data\scatter\npy_data\21-Ross Seal-66002-A02.npy,19
21-Ross Seal-66002-A03,D:\音频分类\Pytorch-AudioClassification-master-main\data\scatter\npy_data\21-Ross Seal-66002-A03.npy,19
21-Ross Seal-66002-A04,D:\音频分类\Pytorch-AudioClassification-master-main\data\scatter\npy_data\21-Ross Seal-66002-A04.npy,19
21-Ross Seal-66002-A05,D:\音频分类\Pytorch-AudioClassification-master-main\data\scatter\npy_data\21-Ross Seal-66002-A05.npy,19
21-Ross Seal-66002A01,D:\音频分类\Pytorch-AudioClassification-master-main\data\scatter\npy_data\21-Ross Seal-66002A01.npy,19
21-Ross Seal-66002A02,D:\音频分类\Pytorch-AudioClassification-master-main\data\scatter\npy_data\21-Ross Seal-66002A02.npy,19
21-Ross Seal-66002A03,D:\音频分类\Pytorch-AudioClassification-master-main\data\scatter\npy_data\21-Ross Seal-66002A03.npy,19
21-Ross Seal-66002A04,D:\音频分类\Pytorch-AudioClassification-master-main\data\scatter\npy_data\21-Ross Seal-66002A04.npy,19
21-Ross Seal-66002A05,D:\音频分类\Pytorch-AudioClassification-master-main\data\scatter\npy_data\21-Ross Seal-66002A05.npy,19
22-Rough Toothed Dolphin-85013002,D:\音频分类\Pytorch-AudioClassification-master-main\data\scatter\npy_data\22-Rough Toothed Dolphin-85013002.npy,11
22-Rough Toothed Dolphin-85013007,D:\音频分类\Pytorch-AudioClassification-master-main\data\scatter\npy_data\22-Rough Toothed Dolphin-85013007.npy,11
22-Rough Toothed Dolphin-85013009,D:\音频分类\Pytorch-AudioClassification-master-main\data\scatter\npy_data\22-Rough Toothed Dolphin-85013009.npy,11
22-Rough Toothed Dolphin-8501300A,D:\音频分类\Pytorch-AudioClassification-master-main\data\scatter\npy_data\22-Rough Toothed Dolphin-8501300A.npy,11
22-Rough Toothed Dolphin-8501300E,D:\音频分类\Pytorch-AudioClassification-master-main\data\scatter\npy_data\22-Rough Toothed Dolphin-8501300E.npy,11
22-Rough-Toothed Dolphin-85013-002,D:\音频分类\Pytorch-AudioClassification-master-main\data\scatter\npy_data\22-Rough-Toothed Dolphin-85013-002.npy,11
22-Rough-Toothed Dolphin-85013-007,D:\音频分类\Pytorch-AudioClassification-master-main\data\scatter\npy_data\22-Rough-Toothed Dolphin-85013-007.npy,11
22-Rough-Toothed Dolphin-85013-009,D:\音频分类\Pytorch-AudioClassification-master-main\data\scatter\npy_data\22-Rough-Toothed Dolphin-85013-009.npy,11
22-Rough-Toothed Dolphin-85013-00A,D:\音频分类\Pytorch-AudioClassification-master-main\data\scatter\npy_data\22-Rough-Toothed Dolphin-85013-00A.npy,11
22-Rough-Toothed Dolphin-85013-00E,D:\音频分类\Pytorch-AudioClassification-master-main\data\scatter\npy_data\22-Rough-Toothed Dolphin-85013-00E.npy,11
22-Rough-Toothed Dolphin-85013002,D:\音频分类\Pytorch-AudioClassification-master-main\data\scatter\npy_data\22-Rough-Toothed Dolphin-85013002.npy,11
22-Rough-Toothed Dolphin-85013007,D:\音频分类\Pytorch-AudioClassification-master-main\data\scatter\npy_data\22-Rough-Toothed Dolphin-85013007.npy,11
22-Rough-Toothed Dolphin-85013009,D:\音频分类\Pytorch-AudioClassification-master-main\data\scatter\npy_data\22-Rough-Toothed Dolphin-85013009.npy,11
22-Rough-Toothed Dolphin-8501300A,D:\音频分类\Pytorch-AudioClassification-master-main\data\scatter\npy_data\22-Rough-Toothed Dolphin-8501300A.npy,11
22-Rough-Toothed Dolphin-8501300E,D:\音频分类\Pytorch-AudioClassification-master-main\data\scatter\npy_data\22-Rough-Toothed Dolphin-8501300E.npy,11
23-Short Finned Pilot Whale-57021001,D:\音频分类\Pytorch-AudioClassification-master-main\data\scatter\npy_data\23-Short Finned Pilot Whale-57021001.npy,2
23-Short Finned Pilot Whale-57021002,D:\音频分类\Pytorch-AudioClassification-master-main\data\scatter\npy_data\23-Short Finned Pilot Whale-57021002.npy,2
23-Short Finned Pilot Whale-57021003,D:\音频分类\Pytorch-AudioClassification-master-main\data\scatter\npy_data\23-Short Finned Pilot Whale-57021003.npy,2
23-Short Finned Pilot Whale-57021004,D:\音频分类\Pytorch-AudioClassification-master-main\data\scatter\npy_data\23-Short Finned Pilot Whale-57021004.npy,2
23-Short Finned Pilot Whale-57021005,D:\音频分类\Pytorch-AudioClassification-master-main\data\scatter\npy_data\23-Short Finned Pilot Whale-57021005.npy,2
23-Short-Finned(Pacific)Pilot Whale-57021-001,D:\音频分类\Pytorch-AudioClassification-master-main\data\scatter\npy_data\23-Short-Finned(Pacific)Pilot Whale-57021-001.npy,2
23-Short-Finned(Pacific)Pilot Whale-57021-002,D:\音频分类\Pytorch-AudioClassification-master-main\data\scatter\npy_data\23-Short-Finned(Pacific)Pilot Whale-57021-002.npy,2
23-Short-Finned(Pacific)Pilot Whale-57021-003,D:\音频分类\Pytorch-AudioClassification-master-main\data\scatter\npy_data\23-Short-Finned(Pacific)Pilot Whale-57021-003.npy,2
23-Short-Finned(Pacific)Pilot Whale-57021-004,D:\音频分类\Pytorch-AudioClassification-master-main\data\scatter\npy_data\23-Short-Finned(Pacific)Pilot Whale-57021-004.npy,2
23-Short-Finned(Pacific)Pilot Whale-57021-005,D:\音频分类\Pytorch-AudioClassification-master-main\data\scatter\npy_data\23-Short-Finned(Pacific)Pilot Whale-57021-005.npy,2
23-Short-Finned(Pacific)Pilot Whale-57021001,D:\音频分类\Pytorch-AudioClassification-master-main\data\scatter\npy_data\23-Short-Finned(Pacific)Pilot Whale-57021001.npy,2
23-Short-Finned(Pacific)Pilot Whale-57021002,D:\音频分类\Pytorch-AudioClassification-master-main\data\scatter\npy_data\23-Short-Finned(Pacific)Pilot Whale-57021002.npy,2
23-Short-Finned(Pacific)Pilot Whale-57021003,D:\音频分类\Pytorch-AudioClassification-master-main\data\scatter\npy_data\23-Short-Finned(Pacific)Pilot Whale-57021003.npy,2
23-Short-Finned(Pacific)Pilot Whale-57021004,D:\音频分类\Pytorch-AudioClassification-master-main\data\scatter\npy_data\23-Short-Finned(Pacific)Pilot Whale-57021004.npy,2
23-Short-Finned(Pacific)Pilot Whale-57021005,D:\音频分类\Pytorch-AudioClassification-master-main\data\scatter\npy_data\23-Short-Finned(Pacific)Pilot Whale-57021005.npy,2
24-Southern Right Whale-79002-004,D:\音频分类\Pytorch-AudioClassification-master-main\data\scatter\npy_data\24-Southern Right Whale-79002-004.npy,9
24-Southern Right Whale-79002-007,D:\音频分类\Pytorch-AudioClassification-master-main\data\scatter\npy_data\24-Southern Right Whale-79002-007.npy,9
24-Southern Right Whale-79002-00K,D:\音频分类\Pytorch-AudioClassification-master-main\data\scatter\npy_data\24-Southern Right Whale-79002-00K.npy,9
24-Southern Right Whale-79002-00L,D:\音频分类\Pytorch-AudioClassification-master-main\data\scatter\npy_data\24-Southern Right Whale-79002-00L.npy,9
24-Southern Right Whale-79002-00Q,D:\音频分类\Pytorch-AudioClassification-master-main\data\scatter\npy_data\24-Southern Right Whale-79002-00Q.npy,9
24-Southern Right Whale-79002004,D:\音频分类\Pytorch-AudioClassification-master-main\data\scatter\npy_data\24-Southern Right Whale-79002004.npy,9
24-Southern Right Whale-79002007,D:\音频分类\Pytorch-AudioClassification-master-main\data\scatter\npy_data\24-Southern Right Whale-79002007.npy,9
24-Southern Right Whale-7900200K,D:\音频分类\Pytorch-AudioClassification-master-main\data\scatter\npy_data\24-Southern Right Whale-7900200K.npy,9
24-Southern Right Whale-7900200L,D:\音频分类\Pytorch-AudioClassification-master-main\data\scatter\npy_data\24-Southern Right Whale-7900200L.npy,9
24-Southern Right Whale-7900200Q,D:\音频分类\Pytorch-AudioClassification-master-main\data\scatter\npy_data\24-Southern Right Whale-7900200Q.npy,9
25- Sperm Whale-72009-003,D:\音频分类\Pytorch-AudioClassification-master-main\data\scatter\npy_data\25- Sperm Whale-72009-003.npy,30
25- Sperm Whale-72009003,D:\音频分类\Pytorch-AudioClassification-master-main\data\scatter\npy_data\25- Sperm Whale-72009003.npy,30
25-Sperm Whale-72009-001,D:\音频分类\Pytorch-AudioClassification-master-main\data\scatter\npy_data\25-Sperm Whale-72009-001.npy,30
25-Sperm Whale-72009-002,D:\音频分类\Pytorch-AudioClassification-master-main\data\scatter\npy_data\25-Sperm Whale-72009-002.npy,30
25-Sperm Whale-72009-004,D:\音频分类\Pytorch-AudioClassification-master-main\data\scatter\npy_data\25-Sperm Whale-72009-004.npy,30
25-Sperm Whale-72009-005,D:\音频分类\Pytorch-AudioClassification-master-main\data\scatter\npy_data\25-Sperm Whale-72009-005.npy,30
25-Sperm Whale-72009001,D:\音频分类\Pytorch-AudioClassification-master-main\data\scatter\npy_data\25-Sperm Whale-72009001.npy,30
25-Sperm Whale-72009002,D:\音频分类\Pytorch-AudioClassification-master-main\data\scatter\npy_data\25-Sperm Whale-72009002.npy,30
25-Sperm Whale-72009004,D:\音频分类\Pytorch-AudioClassification-master-main\data\scatter\npy_data\25-Sperm Whale-72009004.npy,30
25-Sperm Whale-72009005,D:\音频分类\Pytorch-AudioClassification-master-main\data\scatter\npy_data\25-Sperm Whale-72009005.npy,30
26-Spinner Dolphin-71001-00C,D:\音频分类\Pytorch-AudioClassification-master-main\data\scatter\npy_data\26-Spinner Dolphin-71001-00C.npy,12
26-Spinner Dolphin-71001-00N,D:\音频分类\Pytorch-AudioClassification-master-main\data\scatter\npy_data\26-Spinner Dolphin-71001-00N.npy,12
26-Spinner Dolphin-71001-00X,D:\音频分类\Pytorch-AudioClassification-master-main\data\scatter\npy_data\26-Spinner Dolphin-71001-00X.npy,12
26-Spinner Dolphin-71001-00Z,D:\音频分类\Pytorch-AudioClassification-master-main\data\scatter\npy_data\26-Spinner Dolphin-71001-00Z.npy,12
26-Spinner Dolphin-71001-010,D:\音频分类\Pytorch-AudioClassification-master-main\data\scatter\npy_data\26-Spinner Dolphin-71001-010.npy,12
26-Spinner Dolphin-7100100C,D:\音频分类\Pytorch-AudioClassification-master-main\data\scatter\npy_data\26-Spinner Dolphin-7100100C.npy,12
26-Spinner Dolphin-7100100N,D:\音频分类\Pytorch-AudioClassification-master-main\data\scatter\npy_data\26-Spinner Dolphin-7100100N.npy,12
26-Spinner Dolphin-7100100X,D:\音频分类\Pytorch-AudioClassification-master-main\data\scatter\npy_data\26-Spinner Dolphin-7100100X.npy,12
26-Spinner Dolphin-7100100Z,D:\音频分类\Pytorch-AudioClassification-master-main\data\scatter\npy_data\26-Spinner Dolphin-7100100Z.npy,12
26-Spinner Dolphin-71001010,D:\音频分类\Pytorch-AudioClassification-master-main\data\scatter\npy_data\26-Spinner Dolphin-71001010.npy,12
27-Striped Dolphin-58011-001,D:\音频分类\Pytorch-AudioClassification-master-main\data\scatter\npy_data\27-Striped Dolphin-58011-001.npy,6
27-Striped Dolphin-58011-002,D:\音频分类\Pytorch-AudioClassification-master-main\data\scatter\npy_data\27-Striped Dolphin-58011-002.npy,6
27-Striped Dolphin-58011-004,D:\音频分类\Pytorch-AudioClassification-master-main\data\scatter\npy_data\27-Striped Dolphin-58011-004.npy,6
27-Striped Dolphin-58011-007,D:\音频分类\Pytorch-AudioClassification-master-main\data\scatter\npy_data\27-Striped Dolphin-58011-007.npy,6
27-Striped Dolphin-58011-008,D:\音频分类\Pytorch-AudioClassification-master-main\data\scatter\npy_data\27-Striped Dolphin-58011-008.npy,6
27-Striped Dolphin-58011001,D:\音频分类\Pytorch-AudioClassification-master-main\data\scatter\npy_data\27-Striped Dolphin-58011001.npy,6
27-Striped Dolphin-58011002,D:\音频分类\Pytorch-AudioClassification-master-main\data\scatter\npy_data\27-Striped Dolphin-58011002.npy,6
27-Striped Dolphin-58011004,D:\音频分类\Pytorch-AudioClassification-master-main\data\scatter\npy_data\27-Striped Dolphin-58011004.npy,6
27-Striped Dolphin-58011007,D:\音频分类\Pytorch-AudioClassification-master-main\data\scatter\npy_data\27-Striped Dolphin-58011007.npy,6
27-Striped Dolphin-58011008,D:\音频分类\Pytorch-AudioClassification-master-main\data\scatter\npy_data\27-Striped Dolphin-58011008.npy,6
28-Walrus-72002-001,D:\音频分类\Pytorch-AudioClassification-master-main\data\scatter\npy_data\28-Walrus-72002-001.npy,22
28-Walrus-72002-002,D:\音频分类\Pytorch-AudioClassification-master-main\data\scatter\npy_data\28-Walrus-72002-002.npy,22
28-Walrus-72002-003,D:\音频分类\Pytorch-AudioClassification-master-main\data\scatter\npy_data\28-Walrus-72002-003.npy,22
28-Walrus-72002-004,D:\音频分类\Pytorch-AudioClassification-master-main\data\scatter\npy_data\28-Walrus-72002-004.npy,22
28-Walrus-72002001,D:\音频分类\Pytorch-AudioClassification-master-main\data\scatter\npy_data\28-Walrus-72002001.npy,22
28-Walrus-72002002,D:\音频分类\Pytorch-AudioClassification-master-main\data\scatter\npy_data\28-Walrus-72002002.npy,22
28-Walrus-72002003,D:\音频分类\Pytorch-AudioClassification-master-main\data\scatter\npy_data\28-Walrus-72002003.npy,22
28-Walrus-72002004,D:\音频分类\Pytorch-AudioClassification-master-main\data\scatter\npy_data\28-Walrus-72002004.npy,22
29-Weddel Seal-64041-002,D:\音频分类\Pytorch-AudioClassification-master-main\data\scatter\npy_data\29-Weddel Seal-64041-002.npy,7
29-Weddel Seal-64041002,D:\音频分类\Pytorch-AudioClassification-master-main\data\scatter\npy_data\29-Weddel Seal-64041002.npy,7
3-Bottlenose Dolphin-56006-001,D:\音频分类\Pytorch-AudioClassification-master-main\data\scatter\npy_data\3-Bottlenose Dolphin-56006-001.npy,23
3-Bottlenose Dolphin-56006-002,D:\音频分类\Pytorch-AudioClassification-master-main\data\scatter\npy_data\3-Bottlenose Dolphin-56006-002.npy,23
3-Bottlenose Dolphin-56006-003,D:\音频分类\Pytorch-AudioClassification-master-main\data\scatter\npy_data\3-Bottlenose Dolphin-56006-003.npy,23
3-Bottlenose Dolphin-56006-004,D:\音频分类\Pytorch-AudioClassification-master-main\data\scatter\npy_data\3-Bottlenose Dolphin-56006-004.npy,23
3-Bottlenose Dolphin-56006001,D:\音频分类\Pytorch-AudioClassification-master-main\data\scatter\npy_data\3-Bottlenose Dolphin-56006001.npy,23
3-Bottlenose Dolphin-56006002,D:\音频分类\Pytorch-AudioClassification-master-main\data\scatter\npy_data\3-Bottlenose Dolphin-56006002.npy,23
3-Bottlenose Dolphin-56006003,D:\音频分类\Pytorch-AudioClassification-master-main\data\scatter\npy_data\3-Bottlenose Dolphin-56006003.npy,23
3-Bottlenose Dolphin-56006004,D:\音频分类\Pytorch-AudioClassification-master-main\data\scatter\npy_data\3-Bottlenose Dolphin-56006004.npy,23
30-White beaked Dolphin-59037005,D:\音频分类\Pytorch-AudioClassification-master-main\data\scatter\npy_data\30-White beaked Dolphin-59037005.npy,16
30-White beaked Dolphin-59037006,D:\音频分类\Pytorch-AudioClassification-master-main\data\scatter\npy_data\30-White beaked Dolphin-59037006.npy,16
30-White beaked Dolphin-59037007,D:\音频分类\Pytorch-AudioClassification-master-main\data\scatter\npy_data\30-White beaked Dolphin-59037007.npy,16
30-White beaked Dolphin-59037008,D:\音频分类\Pytorch-AudioClassification-master-main\data\scatter\npy_data\30-White beaked Dolphin-59037008.npy,16
30-White-beaked Dolphin-59037-005,D:\音频分类\Pytorch-AudioClassification-master-main\data\scatter\npy_data\30-White-beaked Dolphin-59037-005.npy,16
30-White-beaked Dolphin-59037-006,D:\音频分类\Pytorch-AudioClassification-master-main\data\scatter\npy_data\30-White-beaked Dolphin-59037-006.npy,16
30-White-beaked Dolphin-59037-007,D:\音频分类\Pytorch-AudioClassification-master-main\data\scatter\npy_data\30-White-beaked Dolphin-59037-007.npy,16
30-White-beaked Dolphin-59037-008,D:\音频分类\Pytorch-AudioClassification-master-main\data\scatter\npy_data\30-White-beaked Dolphin-59037-008.npy,16
30-White-beaked Dolphin-59037005,D:\音频分类\Pytorch-AudioClassification-master-main\data\scatter\npy_data\30-White-beaked Dolphin-59037005.npy,16
30-White-beaked Dolphin-59037006,D:\音频分类\Pytorch-AudioClassification-master-main\data\scatter\npy_data\30-White-beaked Dolphin-59037006.npy,16
30-White-beaked Dolphin-59037007,D:\音频分类\Pytorch-AudioClassification-master-main\data\scatter\npy_data\30-White-beaked Dolphin-59037007.npy,16
30-White-beaked Dolphin-59037008,D:\音频分类\Pytorch-AudioClassification-master-main\data\scatter\npy_data\30-White-beaked Dolphin-59037008.npy,16
31-White sided Dolphin-61072004,D:\音频分类\Pytorch-AudioClassification-master-main\data\scatter\npy_data\31-White sided Dolphin-61072004.npy,5
31-White sided Dolphin-61072005,D:\音频分类\Pytorch-AudioClassification-master-main\data\scatter\npy_data\31-White sided Dolphin-61072005.npy,5
31-White sided Dolphin-61072006,D:\音频分类\Pytorch-AudioClassification-master-main\data\scatter\npy_data\31-White sided Dolphin-61072006.npy,5
31-White sided Dolphin-6107200E,D:\音频分类\Pytorch-AudioClassification-master-main\data\scatter\npy_data\31-White sided Dolphin-6107200E.npy,5
31-White sided Dolphin-6107200G,D:\音频分类\Pytorch-AudioClassification-master-main\data\scatter\npy_data\31-White sided Dolphin-6107200G.npy,5
31-White-sided Dolphin-61072-004,D:\音频分类\Pytorch-AudioClassification-master-main\data\scatter\npy_data\31-White-sided Dolphin-61072-004.npy,5
31-White-sided Dolphin-61072-005,D:\音频分类\Pytorch-AudioClassification-master-main\data\scatter\npy_data\31-White-sided Dolphin-61072-005.npy,5
31-White-sided Dolphin-61072-006,D:\音频分类\Pytorch-AudioClassification-master-main\data\scatter\npy_data\31-White-sided Dolphin-61072-006.npy,5
31-White-sided Dolphin-61072-00E,D:\音频分类\Pytorch-AudioClassification-master-main\data\scatter\npy_data\31-White-sided Dolphin-61072-00E.npy,5
31-White-sided Dolphin-61072-00G,D:\音频分类\Pytorch-AudioClassification-master-main\data\scatter\npy_data\31-White-sided Dolphin-61072-00G.npy,5
4-Bowhead Whale-78018-002,D:\音频分类\Pytorch-AudioClassification-master-main\data\scatter\npy_data\4-Bowhead Whale-78018-002.npy,8
4-Bowhead Whale-78018-003,D:\音频分类\Pytorch-AudioClassification-master-main\data\scatter\npy_data\4-Bowhead Whale-78018-003.npy,8
4-Bowhead Whale-78018-00B,D:\音频分类\Pytorch-AudioClassification-master-main\data\scatter\npy_data\4-Bowhead Whale-78018-00B.npy,8
4-Bowhead Whale-78018-00D,D:\音频分类\Pytorch-AudioClassification-master-main\data\scatter\npy_data\4-Bowhead Whale-78018-00D.npy,8
4-Bowhead Whale-78018002,D:\音频分类\Pytorch-AudioClassification-master-main\data\scatter\npy_data\4-Bowhead Whale-78018002.npy,8
4-Bowhead Whale-78018003,D:\音频分类\Pytorch-AudioClassification-master-main\data\scatter\npy_data\4-Bowhead Whale-78018003.npy,8
4-Bowhead Whale-7801800B,D:\音频分类\Pytorch-AudioClassification-master-main\data\scatter\npy_data\4-Bowhead Whale-7801800B.npy,8
4-Bowhead Whale-7801800D,D:\音频分类\Pytorch-AudioClassification-master-main\data\scatter\npy_data\4-Bowhead Whale-7801800D.npy,8
5-Clymene Dolphin-83006-001,D:\音频分类\Pytorch-AudioClassification-master-main\data\scatter\npy_data\5-Clymene Dolphin-83006-001.npy,0
5-Clymene Dolphin-83006-002,D:\音频分类\Pytorch-AudioClassification-master-main\data\scatter\npy_data\5-Clymene Dolphin-83006-002.npy,0
5-Clymene Dolphin-83006-003,D:\音频分类\Pytorch-AudioClassification-master-main\data\scatter\npy_data\5-Clymene Dolphin-83006-003.npy,0
5-Clymene Dolphin-83006-00N,D:\音频分类\Pytorch-AudioClassification-master-main\data\scatter\npy_data\5-Clymene Dolphin-83006-00N.npy,0
5-Clymene Dolphin-83006001,D:\音频分类\Pytorch-AudioClassification-master-main\data\scatter\npy_data\5-Clymene Dolphin-83006001.npy,0
5-Clymene Dolphin-83006002,D:\音频分类\Pytorch-AudioClassification-master-main\data\scatter\npy_data\5-Clymene Dolphin-83006002.npy,0
5-Clymene Dolphin-83006003,D:\音频分类\Pytorch-AudioClassification-master-main\data\scatter\npy_data\5-Clymene Dolphin-83006003.npy,0
5-Clymene Dolphin-8300600N,D:\音频分类\Pytorch-AudioClassification-master-main\data\scatter\npy_data\5-Clymene Dolphin-8300600N.npy,0
5-Clymene Dolphin-83035-001,D:\音频分类\Pytorch-AudioClassification-master-main\data\scatter\npy_data\5-Clymene Dolphin-83035-001.npy,0
5-Clymene Dolphin-83035-002,D:\音频分类\Pytorch-AudioClassification-master-main\data\scatter\npy_data\5-Clymene Dolphin-83035-002.npy,0
5-Clymene Dolphin-83035-003,D:\音频分类\Pytorch-AudioClassification-master-main\data\scatter\npy_data\5-Clymene Dolphin-83035-003.npy,0
5-Clymene Dolphin-83035001,D:\音频分类\Pytorch-AudioClassification-master-main\data\scatter\npy_data\5-Clymene Dolphin-83035001.npy,0
5-Clymene Dolphin-83035002,D:\音频分类\Pytorch-AudioClassification-master-main\data\scatter\npy_data\5-Clymene Dolphin-83035002.npy,0
5-Clymene Dolphin-83035003,D:\音频分类\Pytorch-AudioClassification-master-main\data\scatter\npy_data\5-Clymene Dolphin-83035003.npy,0
6-Common Dolphin-58014-00J,D:\音频分类\Pytorch-AudioClassification-master-main\data\scatter\npy_data\6-Common Dolphin-58014-00J.npy,26
6-Common Dolphin-58014-014,D:\音频分类\Pytorch-AudioClassification-master-main\data\scatter\npy_data\6-Common Dolphin-58014-014.npy,26
6-Common Dolphin-58014-015,D:\音频分类\Pytorch-AudioClassification-master-main\data\scatter\npy_data\6-Common Dolphin-58014-015.npy,26
6-Common Dolphin-58014-028,D:\音频分类\Pytorch-AudioClassification-master-main\data\scatter\npy_data\6-Common Dolphin-58014-028.npy,26
6-Common Dolphin-5801400J,D:\音频分类\Pytorch-AudioClassification-master-main\data\scatter\npy_data\6-Common Dolphin-5801400J.npy,26
6-Common Dolphin-58014014,D:\音频分类\Pytorch-AudioClassification-master-main\data\scatter\npy_data\6-Common Dolphin-58014014.npy,26
6-Common Dolphin-58014015,D:\音频分类\Pytorch-AudioClassification-master-main\data\scatter\npy_data\6-Common Dolphin-58014015.npy,26
7-False killer whale-61023-005,D:\音频分类\Pytorch-AudioClassification-master-main\data\scatter\npy_data\7-False killer whale-61023-005.npy,14
7-False killer whale-61023-006,D:\音频分类\Pytorch-AudioClassification-master-main\data\scatter\npy_data\7-False killer whale-61023-006.npy,14
7-False killer whale-61023-008,D:\音频分类\Pytorch-AudioClassification-master-main\data\scatter\npy_data\7-False killer whale-61023-008.npy,14
7-False killer whale-61023-00A,D:\音频分类\Pytorch-AudioClassification-master-main\data\scatter\npy_data\7-False killer whale-61023-00A.npy,14
7-False killer whale-61023005,D:\音频分类\Pytorch-AudioClassification-master-main\data\scatter\npy_data\7-False killer whale-61023005.npy,14
7-False killer whale-61023006,D:\音频分类\Pytorch-AudioClassification-master-main\data\scatter\npy_data\7-False killer whale-61023006.npy,14
7-False killer whale-61023008,D:\音频分类\Pytorch-AudioClassification-master-main\data\scatter\npy_data\7-False killer whale-61023008.npy,14
7-False killer whale-6102300A,D:\音频分类\Pytorch-AudioClassification-master-main\data\scatter\npy_data\7-False killer whale-6102300A.npy,14
"8-Fin,Finback whale-60009-005","D:\音频分类\Pytorch-AudioClassification-master-main\data\scatter\npy_data\8-Fin,Finback whale-60009-005.npy",21
"8-Fin,Finback whale-60009-006","D:\音频分类\Pytorch-AudioClassification-master-main\data\scatter\npy_data\8-Fin,Finback whale-60009-006.npy",21
"8-Fin,Finback whale-60009-007","D:\音频分类\Pytorch-AudioClassification-master-main\data\scatter\npy_data\8-Fin,Finback whale-60009-007.npy",21
"8-Fin,Finback whale-60009-00L","D:\音频分类\Pytorch-AudioClassification-master-main\data\scatter\npy_data\8-Fin,Finback whale-60009-00L.npy",21
"8-Fin,Finback whale-60009005","D:\音频分类\Pytorch-AudioClassification-master-main\data\scatter\npy_data\8-Fin,Finback whale-60009005.npy",21
"8-Fin,Finback whale-60009006","D:\音频分类\Pytorch-AudioClassification-master-main\data\scatter\npy_data\8-Fin,Finback whale-60009006.npy",21
"8-Fin,Finback whale-60009007","D:\音频分类\Pytorch-AudioClassification-master-main\data\scatter\npy_data\8-Fin,Finback whale-60009007.npy",21
"8-Fin,Finback whale-6000900L","D:\音频分类\Pytorch-AudioClassification-master-main\data\scatter\npy_data\8-Fin,Finback whale-6000900L.npy",21
8-Finback whale-60009005,D:\音频分类\Pytorch-AudioClassification-master-main\data\scatter\npy_data\8-Finback whale-60009005.npy,21
8-Finback whale-60009006,D:\音频分类\Pytorch-AudioClassification-master-main\data\scatter\npy_data\8-Finback whale-60009006.npy,21
8-Finback whale-60009007,D:\音频分类\Pytorch-AudioClassification-master-main\data\scatter\npy_data\8-Finback whale-60009007.npy,21
8-Finback whale-6000900L,D:\音频分类\Pytorch-AudioClassification-master-main\data\scatter\npy_data\8-Finback whale-6000900L.npy,21
9-Fraser Dolphin-91008005,D:\音频分类\Pytorch-AudioClassification-master-main\data\scatter\npy_data\9-Fraser Dolphin-91008005.npy,10
9-Fraser Dolphin-91008008,D:\音频分类\Pytorch-AudioClassification-master-main\data\scatter\npy_data\9-Fraser Dolphin-91008008.npy,10
9-Fraser Dolphin-9100800C,D:\音频分类\Pytorch-AudioClassification-master-main\data\scatter\npy_data\9-Fraser Dolphin-9100800C.npy,10
9-Fraser Dolphin-9100800F,D:\音频分类\Pytorch-AudioClassification-master-main\data\scatter\npy_data\9-Fraser Dolphin-9100800F.npy,10
9-Fraser's Dolphin-91008-005,D:\音频分类\Pytorch-AudioClassification-master-main\data\scatter\npy_data\9-Fraser's Dolphin-91008-005.npy,10
9-Fraser's Dolphin-91008-008,D:\音频分类\Pytorch-AudioClassification-master-main\data\scatter\npy_data\9-Fraser's Dolphin-91008-008.npy,10
9-Fraser's Dolphin-91008-00C,D:\音频分类\Pytorch-AudioClassification-master-main\data\scatter\npy_data\9-Fraser's Dolphin-91008-00C.npy,10
9-Fraser's Dolphin-91008-00F,D:\音频分类\Pytorch-AudioClassification-master-main\data\scatter\npy_data\9-Fraser's Dolphin-91008-00F.npy,10
9-Fraser's Dolphin-91008005,D:\音频分类\Pytorch-AudioClassification-master-main\data\scatter\npy_data\9-Fraser's Dolphin-91008005.npy,10
9-Fraser's Dolphin-91008008,D:\音频分类\Pytorch-AudioClassification-master-main\data\scatter\npy_data\9-Fraser's Dolphin-91008008.npy,10
9-Fraser's Dolphin-9100800C,D:\音频分类\Pytorch-AudioClassification-master-main\data\scatter\npy_data\9-Fraser's Dolphin-9100800C.npy,10
9-Fraser's Dolphin-9100800F,D:\音频分类\Pytorch-AudioClassification-master-main\data\scatter\npy_data\9-Fraser's Dolphin-9100800F.npy,10
